Student Name,Form,Attendance %
Hannah Phillips,12A,91.4%
Tom Marshall,12A,83.1%
Aisha Hughes,12A,91.0%
Oliver Hughes,12A,95.6%
Jess Mensah,12A,94.1%
Ben Adeyemi,12A,96.1%
Olivia Turner,12A,100%
Erin Green,12A,100%
Layla Jackson,12A,90.4%
Jess Graham,12A,92.2%
Callum Clarke,12A,94.1%
Kian Graham,12A,85.5%
Arjun Patel,12A,93.1%
Holly Sandhu,12A,88.7%
Oliver Davies,12A,95.9%
Rohan Mensah,12A,80.0%
Hannah Roberts,12A,97.4%
Megan Chen,12A,93.7%
Lily Lewis,12A,100%
Hannah Green,12A,100%
Zara Ward,12A,89.5%
Ava Young,12A,92.6%
Lily Phillips,12A,97.3%
Samuel Patel,12A,96.1%
Hannah Mason,12A,93.4%
Ethan Edwards,12A,88.1%
Sienna Hussain,12C,96.5%
Ella Nowak,12C,91.3%
Daniel Walker,12C,99.5%
Lily Davies,12C,100%
Adam Green,12C,89.9%
Evie Young,12C,93.9%
Grace Mensah,12C,100%
Lily Cooper,12C,97.9%
Nadia Graham,12C,91.5%
Daniel Lewis,12C,92.5%
Sophia Brooks,12C,94.7%
Maya Foster,12C,93.2%
Isaac Chen,12C,99.9%
Jess Turner,12C,89.2%
Joel Evans,12C,92.6%
Samuel Price,12C,91.5%
Amelia Walker,12C,100%
Daniel Wright,12C,98.8%
Arjun Nowak,12C,93.5%
Luca Harris,12C,96.4%
Ella Kelly,12C,91.2%
Poppy Mitchell,12C,97.5%
Maya Carter,12C,96.5%
Rohan Carter,12C,95.7%
Sienna Taylor,12C,83.1%
Ella Carter,12C,91.9%
Max Foster,12D,99.1%
Sienna Turner,12D,100%
Freya Campbell,12D,99.1%
Ruby Mason,12D,100%
Jack King,12D,93.4%
Daniel Green,12D,87.4%
Aisha Phillips,12D,79.2%
Poppy Kaur,12D,94.1%
Jess Gill,12D,92.9%
Sophia Dhillon,12D,98.9%
Isaac Owen,12D,93.3%
Lily Carter,12D,92.9%
Adam Collins,12D,94.6%
Evie James,12D,92.8%
Ava Clarke,12D,99.8%
Hannah Ward,12D,96.0%
Samuel Baker,12D,98.4%
Samuel Shah,12D,92.6%
Freya Jackson,12D,95.7%
Ivy Brooks,12D,94.3%
Freya Young,12D,80.8%
Joel Foster,12D,100%
Lily Wood,12D,91.4%
Priya Wood,12D,87.8%
Finn Wright,12D,96.9%
Jess Hughes,12D,100%
Luca Davies,12D,94.1%
Ella Wood,12L,91.1%
Evie Hussain,12L,98.1%
Tilly Collins,12L,96.3%
Erin Young,12L,100%
Zara Morgan,12L,95.2%
Oliver Singh,12L,90.2%
Grace Fisher,12L,93.4%
Erin Ahmed,12L,93.7%
Holly Scott,12L,84.3%
Sienna Scott,12L,96.9%
Hannah Young,12L,92.2%
Ella Mason,12L,100%
Layla Sandhu,12L,87.8%
Ella Price,12L,95.1%
Ethan Sandhu,12L,93.6%
Callum Owen,12L,95.3%
Ben Roberts,12L,100.0%
Tom Taylor,12L,93.4%
Evie Hall,12L,86.0%
Joel Campbell,12L,100%
Ivy White,12L,100%
Olivia Baker,12L,93.2%
Amelia Baker,12L,93.1%
Jess Shah,12L,98.0%
Layla Carter,12P,98.0%
Leo James,12P,95.3%
Chloe Mason,12P,100%
Mia Cooper,12P,99.4%
Leo Davies,12P,92.0%
Luca White,12P,97.3%
Jack Mitchell,12P,97.0%
Isaac Mensah,12P,94.9%
Leah Watson,12P,89.9%
Ben Baker,12P,87.2%
Arjun Mitchell,12P,94.2%
Freya Reid,12P,95.7%
Evie Ahmed,12P,87.8%
Kian Mensah,12P,92.7%
Joel Hussain,12P,96.8%
Amelia Edwards,12P,93.2%
Isaac Shah,12P,84.0%
Tom Price,12P,92.3%
Chloe Roberts,12P,98.8%
Isaac Lewis,12P,80.8%
Priya Foster,12P,88.7%
Mia White,12P,92.0%
Isaac Marshall,12P,94.8%
Sienna Marshall,12P,89.9%
Evie Lewis,12P,91.0%
Harry King,12R,94.3%
Max Walker,12R,96.7%
Sophia Hall,12R,100%
Priya Graham,12R,96.5%
Mia Dhillon,12R,91.4%
Olivia Wood,12R,95.2%
Grace Shah,12R,94.4%
Ava Collins,12R,95.6%
Maya Harris,12R,95.8%
Nadia Mensah,12R,90.6%
Erin Kaur,12R,94.8%
Megan Taylor,12R,97.5%
Hannah Khan,12R,95.2%
Evie Collins,12R,96.6%
Rohan Davies,12R,100%
Sophia Murphy,12R,92.5%
Kian Brooks,12R,98.1%
Ben Patel,12R,98.1%
Sophia King,12R,96.0%
Isaac Khan,12R,91.9%
Jess Kelly,12R,99.5%
Adam Jackson,12R,100%
Ava Mensah,12R,100.0%
Rohan Cooper,12R,93.6%
Ruby Kelly,12R,92.5%
Amelia Lewis,12W,93.9%
Leo Brooks,12W,98.4%
Ethan Mason,12W,79.9%
Isaac King,12W,94.0%
Arjun Ward,12W,93.1%
Jack Foster,12W,83.6%
Ben Dhillon,12W,96.9%
Nadia Bennett,12W,92.6%
Ben Campbell,12W,100%
Erin Marshall,12W,93.4%
Noah Singh,12W,91.1%
Layla Owen,12W,96.8%
Mia Wright,12W,95.8%
Evie Davies,12W,94.6%
Jess Phillips,12W,91.3%
Imogen Graham,12W,98.5%
Samuel Graham,12W,88.1%
Zara Phillips,12W,82.3%
Evie Walker,12W,91.2%
Megan Marshall,12W,94.2%
Luca Morgan,12W,94.8%
Finn Green,12W,94.6%
Jack Scott,12W,98.0%
