Admission No,Surname,Forename,Reg Group,Biology - Attitude to Learning,Biology - Response to Feedback,Biology - Quality of Work,Chemistry - Attitude to Learning,Chemistry - Response to Feedback,Chemistry - Quality of Work,Physics - Attitude to Learning,Physics - Response to Feedback,Physics - Quality of Work,Mathematics - Attitude to Learning,Mathematics - Response to Feedback,Mathematics - Quality of Work,Further Mathematics - Attitude to Learning,Further Mathematics - Response to Feedback,Further Mathematics - Quality of Work,Psychology - Attitude to Learning,Psychology - Response to Feedback,Psychology - Quality of Work,Sociology - Attitude to Learning,Sociology - Response to Feedback,Sociology - Quality of Work,Criminology - Attitude to Learning,Criminology - Response to Feedback,Criminology - Quality of Work,English Literature - Attitude to Learning,English Literature - Response to Feedback,English Literature - Quality of Work,History - Attitude to Learning,History - Response to Feedback,History - Quality of Work,Geography - Attitude to Learning,Geography - Response to Feedback,Geography - Quality of Work,Economics - Attitude to Learning,Economics - Response to Feedback,Economics - Quality of Work,Business - Attitude to Learning,Business - Response to Feedback,Business - Quality of Work,Politics - Attitude to Learning,Politics - Response to Feedback,Politics - Quality of Work,Art - Attitude to Learning,Art - Response to Feedback,Art - Quality of Work,Photography - Attitude to Learning,Photography - Response to Feedback,Photography - Quality of Work,French - Attitude to Learning,French - Response to Feedback,French - Quality of Work,Spanish - Attitude to Learning,Spanish - Response to Feedback,Spanish - Quality of Work,Religious Studies - Attitude to Learning,Religious Studies - Response to Feedback,Religious Studies - Quality of Work,Computer Science - Attitude to Learning,Computer Science - Response to Feedback,Computer Science - Quality of Work,BTEC Applied Science - Attitude to Learning,BTEC Applied Science - Response to Feedback,BTEC Applied Science - Quality of Work
2024001,Phillips,Hannah,12A,EX,EX,EX,,,,,,,,,,,,,,,,,,,,,,,,,,,,,,,GD,GD,GD,,,,,,,,,,GD,GD,GD,,,,,,,,,,,,,,,
2024002,Marshall,Tom,12A,,,,,,,,,,GD,GD,GD,,,,,,,,,,,,,,,,,,,,,,,,,,,,GD,GD,GD,GD,GD,GD,,,,,,,,,,,,,,,,,,
2024003,Hughes,Aisha,12A,,,,,,,,,,GD,GD,GD,,,,,,,,,,,,,,,,GD,GD,GD,,,,,,,GD,GD,EX,,,,,,,,,,,,,,,,,,,,,,,,
2024004,Hughes,Oliver,12A,,,,,,,,,,,,,,,,,,,EX,GD,EX,,,,,,,,,,EX,EX,EX,EX,EX,EX,,,,,,,,,,,,,,,,,,,,,,,,,,,
2024005,Mensah,Jess,12A,,,,,,,,,,,,,,,,,,,,,,,,,GD,EX,GD,,,,GD,GD,GD,,,,,,,,,,,,,,,,,,,,,,,,,,,,EX,EX,GD
2024006,Adeyemi,Ben,12A,,,,,,,,,,EX,EX,GD,,,,,,,,,,,,,EX,EX,EX,,,,,,,,,,,,,EX,EX,EX,,,,,,,,,,,,,,,,,,,,,
2024007,Turner,Olivia,12A,,,,,,,,,,,,,,,,,,,GD,GD,GD,,,,,,,,,,,,,,,,,,,GD,GD,GD,,,,,,,,,,GD,GD,GD,,,,,,,,,
2024008,Green,Erin,12A,,,,,,,,,,,,,,,,GD,GD,GD,,,,,,,,,,,,,,,,GD,GD,GD,,,,EX,GD,GD,,,,,,,,,,,,,,,,,,,,,
2024009,Jackson,Layla,12A,,,,GD,GD,GD,,,,,,,,,,,,,,,,GD,GD,GD,,,,,,,,,,,,,,,,GD,GD,GD,,,,,,,,,,,,,,,,,,,,,
2024010,Graham,Jess,12A,,,,,,,,,,,,,,,,,,,,,,,,,,,,GD,BE,GD,GD,BE,GD,,,,GD,GD,BE,,,,,,,,,,,,,,,,,,,GD,GD,GD,,,
2024011,Clarke,Callum,12A,GD,GD,GD,,,,,,,,,,,,,,,,GD,GD,GD,,,,,,,,,,,,,,,,,,,,,,,,,,,,,,,GD,GD,GD,,,,,,,,,
2024012,Graham,Kian,12A,GD,GD,GD,,,,,,,,,,,,,,,,,,,,,,,,,,,,,,,,,,GD,GD,GD,BE,GD,GD,,,,,,,GD,GD,GD,,,,,,,,,,,,
2024013,Patel,Arjun,12A,,,,,,,,,,,,,,,,,,,GD,GD,GD,,,,,,,,,,,,,,,,,,,,,,,,,GD,GD,GD,,,,,,,GD,GD,GD,,,,,,
2024014,Sandhu,Holly,12A,,,,,,,,,,,,,,,,,,,,,,,,,,,,,,,EX,GD,GD,,,,EX,GD,EX,,,,,,,,,,,,,,,,,,,EX,EX,EX,,,
2024015,Davies,Oliver,12A,,,,,,,,,,,,,,,,,,,,,,,,,GD,GD,GD,,,,,,,,,,,,,,,,,,,,,,,,,,,,GD,GD,GD,GD,GD,GD,,,
2024016,Mensah,Rohan,12A,,,,,,,,,,GD,GD,GD,,,,,,,,,,,,,GD,GD,GD,,,,,,,,,,,,,,,,,,,,,,GD,GD,GD,,,,,,,,,,,,
2024017,Roberts,Hannah,12A,,,,,,,,,,,,,,,,,,,,,,,,,,,,,,,,,,,,,,,,,,,,,,GD,GD,GD,GD,GD,GD,,,,,,,GD,EX,EX,,,
2024018,Chen,Megan,12A,,,,,,,,,,GD,GD,GD,,,,,,,GD,GD,GD,,,,,,,,,,,,,,,,,,,,,,,,,,,,,,,GD,GD,GD,,,,,,,,,
2024019,Lewis,Lily,12A,,,,EX,GD,GD,,,,,,,,,,,,,,,,,,,,,,,,,,,,,,,,,,EX,EX,EX,,,,,,,,,,,,,EX,EX,EX,,,,,,
2024020,Green,Hannah,12A,,,,,,,,,,,,,,,,,,,,,,,,,GD,GD,EX,,,,,,,,,,EX,EX,EX,,,,,,,,,,EX,EX,EX,,,,,,,,,,,,
2024021,Ward,Zara,12A,,,,,,,,,,EX,EX,EX,,,,,,,,,,,,,,,,EX,EX,EX,,,,,,,,,,,,,EX,EX,EX,,,,,,,,,,,,,,,,EX,EX,EX
2024022,Young,Ava,12A,,,,,,,,,,GD,BE,BE,,,,,,,BE,GD,GD,,,,,,,,,,,,,,,,,,,,,,,,,,,,,,,GD,BE,GD,,,,,,,,,
2024023,Phillips,Lily,12A,,,,,,,,,,,,,,,,EX,EX,EX,EX,EX,GD,,,,,,,,,,,,,,,,,,,,,,EX,GD,GD,,,,EX,EX,EX,,,,,,,,,,,,
2024024,Patel,Samuel,12A,,,,,,,EX,GD,GD,GD,GD,GD,,,,,,,,,,,,,,,,,,,,,,,,,,,,,,,,,,,,,,,,EX,EX,GD,,,,,,,,,
2024025,Mason,Hannah,12A,,,,,,,BE,GD,GD,,,,,,,,,,,,,,,,GD,GD,GD,,,,,,,,,,,,,,,,,,,,,,,,,,,,,,,GD,GD,GD,,,
2024026,Edwards,Ethan,12A,,,,,,,GD,EX,GD,,,,,,,,,,,,,,,,,,,,,,,,,,,,,,,,,,,,,,,,EX,EX,EX,EX,GD,EX,,,,,,,,,
2024027,Hussain,Sienna,12C,,,,,,,,,,EX,EX,GD,,,,,,,,,,,,,,,,,,,GD,GD,GD,,,,,,,,,,,,,,,,,,,,,,,,,GD,EX,GD,,,
2024028,Nowak,Ella,12C,,,,,,,,,,,,,,,,,,,,,,,,,,,,EX,EX,EX,,,,,,,,,,,,,EX,GD,GD,,,,,,,EX,EX,EX,EX,EX,EX,,,,,,
2024029,Walker,Daniel,12C,,,,,,,,,,EX,EX,EX,,,,,,,,,,EX,EX,EX,,,,EX,EX,EX,,,,,,,,,,,,,,,,,,,,,,,,,,,,,,,,,
2024030,Davies,Lily,12C,EX,EX,EX,EX,EX,EX,,,,EX,EX,EX,,,,,,,,,,,,,,,,,,,,,,,,,,,,,,,,,,,,,,,,,,,,,,,,,,,
2024031,Green,Adam,12C,,,,,,,,,,,,,,,,,,,,,,GD,GD,GD,,,,,,,,,,,,,,,,GD,GD,GD,,,,GD,GD,GD,,,,,,,GD,GD,GD,,,,,,
2024032,Young,Evie,12C,,,,,,,,,,,,,,,,,,,,,,,,,,,,,,,GD,GD,GD,,,,,,,,,,,,,GD,GD,GD,,,,GD,GD,GD,,,,,,,,,
2024033,Mensah,Grace,12C,,,,GD,GD,GD,,,,,,,,,,,,,GD,GD,GD,,,,,,,,,,,,,,,,,,,,,,,,,,,,,,,GD,GD,GD,,,,,,,,,
2024034,Cooper,Lily,12C,,,,,,,,,,,,,,,,,,,EX,EX,EX,,,,,,,,,,,,,,,,,,,,,,EX,EX,EX,,,,,,,,,,,,,EX,GD,EX,,,
2024035,Graham,Nadia,12C,,,,,,,,,,GD,GD,GD,,,,,,,,,,,,,,,,,,,,,,,,,,,,GD,GD,GD,,,,,,,GD,GD,GD,,,,,,,,,,,,
2024036,Lewis,Daniel,12C,,,,EX,GD,GD,,,,,,,,,,,,,,,,,,,,,,,,,,,,GD,GD,GD,,,,,,,,,,GD,GD,GD,,,,,,,,,,,,,,,
2024037,Brooks,Sophia,12C,,,,,,,,,,EX,GD,GD,,,,,,,GD,GD,GD,,,,,,,,,,,,,,,,,,,,,,,,,,,,,,,,,,,,,,,,EX,EX,EX
2024038,Foster,Maya,12C,,,,,,,,,,,,,,,,,,,,,,,,,GD,GD,GD,,,,,,,,,,,,,,,,GD,GD,GD,EX,GD,GD,,,,,,,,,,,,,,,
2024039,Chen,Isaac,12C,,,,,,,,,,GD,GD,BE,,,,,,,,,,,,,,,,,,,,,,,,,,,,GD,BE,GD,,,,,,,GD,GD,GD,,,,,,,,,,,,
2024040,Turner,Jess,12C,,,,,,,GD,GD,GD,,,,,,,,,,,,,,,,,,,,,,EX,EX,EX,,,,,,,,,,,,,,,,,,,,,,,,,EX,GD,GD,,,
2024041,Evans,Joel,12C,,,,,,,GD,GD,GD,,,,,,,,,,,,,,,,,,,,,,GD,GD,GD,,,,,,,,,,,,,,,,,,,GD,BE,BE,,,,,,,,,
2024042,Price,Samuel,12C,,,,,,,,,,,,,,,,,,,,,,,,,,,,,,,GD,GD,GD,,,,GD,GD,GD,,,,,,,,,,,,,,,,,,,GD,GD,GD,,,
2024043,Walker,Amelia,12C,GD,GD,GD,,,,,,,,,,,,,,,,BE,GD,GD,,,,,,,,,,GD,GD,GD,,,,,,,,,,,,,,,,GD,GD,GD,,,,,,,,,,,,
2024044,Wright,Daniel,12C,EX,EX,EX,,,,,,,,,,,,,,,,,,,,,,,,,,,,,,,EX,EX,EX,,,,,,,,,,,,,,,,EX,EX,EX,,,,,,,,,
2024045,Nowak,Arjun,12C,,,,,,,GD,GD,GD,,,,,,,,,,,,,,,,,,,,,,,,,,,,,,,EX,EX,GD,,,,,,,GD,GD,GD,,,,,,,EX,GD,GD,,,
2024046,Harris,Luca,12C,,,,,,,,,,,,,,,,,,,,,,,,,GD,GD,GD,,,,,,,GD,GD,GD,EX,GD,GD,,,,,,,,,,,,,,,,,,,,,,,,
2024047,Kelly,Ella,12C,,,,,,,,,,,,,,,,EX,GD,GD,,,,,,,,,,,,,GD,GD,GD,,,,GD,GD,GD,,,,,,,,,,,,,,,,,,,,,,,,
2024048,Mitchell,Poppy,12C,,,,,,,,,,GD,GD,BE,,,,,,,GD,GD,BE,,,,,,,GD,BE,BE,,,,,,,,,,,,,,,,,,,,,,,,,,,,,,,,,
2024049,Carter,Maya,12C,,,,,,,,,,,,,,,,GD,GD,GD,GD,GD,GD,,,,,,,,,,,,,,,,,,,,,,,,,,,,GD,GD,GD,,,,,,,,,,,,
2024050,Carter,Rohan,12C,,,,,,,,,,,,,,,,,,,,,,,,,,,,GD,GD,EX,,,,,,,,,,,,,,,,EX,EX,GD,,,,EX,GD,GD,,,,,,,,,
2024051,Taylor,Sienna,12C,,,,,,,,,,,,,,,,GD,GD,GD,,,,,,,,,,,,,,,,,,,,,,,,,,,,,,,GD,GD,GD,,,,GD,GD,GD,,,,,,
2024052,Carter,Ella,12C,,,,,,,,,,GD,GD,GD,,,,,,,,,,,,,,,,,,,,,,,,,,,,,,,,,,GD,GD,GD,GD,GD,GD,,,,,,,,,,,,
2024053,Foster,Max,12D,,,,,,,,,,,,,,,,GD,GD,GD,,,,GD,GD,GD,,,,,,,,,,,,,GD,GD,GD,,,,,,,,,,,,,,,,,,,,,,,,
2024054,Turner,Sienna,12D,BE,BE,BE,,,,,,,GD,GD,GD,,,,,,,,,,GD,BE,GD,,,,,,,,,,,,,,,,,,,,,,,,,,,,,,,,,,,,,,,
2024055,Campbell,Freya,12D,,,,,,,,,,EX,GD,GD,,,,,,,,,,,,,,,,GD,GD,GD,,,,,,,,,,,,,GD,GD,GD,,,,,,,,,,,,,,,,,,
2024056,Mason,Ruby,12D,,,,EX,EX,EX,,,,,,,,,,EX,EX,EX,,,,,,,EX,EX,EX,,,,,,,,,,,,,,,,,,,,,,,,,EX,EX,EX,,,,,,,,,
2024057,King,Jack,12D,,,,,,,EX,EX,EX,EX,EX,EX,,,,EX,EX,EX,,,,,,,,,,,,,,,,,,,,,,,,,,,,,,,,,,,,,,,,,,,,,
2024058,Green,Daniel,12D,,,,EX,GD,GD,,,,,,,,,,GD,GD,GD,,,,,,,,,,,,,,,,,,,,,,,,,EX,EX,GD,,,,,,,,,,,,,,,,,,
2024059,Phillips,Aisha,12D,,,,,,,,,,,,,,,,,,,,,,,,,EX,GD,GD,,,,,,,,,,,,,,,,,,,,,,EX,GD,GD,,,,,,,EX,GD,GD,,,
2024060,Kaur,Poppy,12D,,,,,,,,,,,,,,,,,,,,,,,,,,,,,,,GD,GD,GD,,,,,,,,,,,,,GD,GD,GD,GD,GD,GD,,,,,,,,,,,,
2024061,Gill,Jess,12D,,,,,,,,,,EX,EX,EX,,,,,,,,,,GD,EX,GD,,,,,,,EX,EX,EX,,,,GD,GD,GD,,,,,,,,,,,,,,,,,,,,,,,,
2024062,Dhillon,Sophia,12D,,,,,,,,,,,,,,,,EX,EX,EX,,,,,,,,,,,,,,,,EX,EX,EX,,,,,,,,,,,,,,,,,,,EX,EX,EX,EX,EX,EX,,,
2024063,Owen,Isaac,12D,,,,,,,,,,,,,,,,,,,,,,,,,GD,GD,GD,,,,,,,,,,,,,,,,,,,GD,GD,GD,,,,EX,GD,GD,GD,EX,EX,,,,,,
2024064,Carter,Lily,12D,,,,,,,,,,,,,,,,,,,,,,GD,EX,GD,,,,,,,,,,EX,EX,GD,GD,EX,GD,,,,,,,,,,,,,,,,,,,,,,,,
2024065,Collins,Adam,12D,GD,GD,GD,,,,,,,,,,,,,,,,EX,EX,GD,,,,,,,,,,,,,,,,,,,,,,,,,,,,,,,,,,EX,GD,GD,GD,GD,GD,,,
2024066,James,Evie,12D,,,,,,,,,,,,,,,,,,,,,,,,,,,,EX,EX,EX,,,,,,,,,,,,,,,,EX,EX,EX,EX,EX,EX,,,,,,,,,,,,
2024067,Clarke,Ava,12D,,,,,,,,,,,,,,,,,,,EX,EX,EX,,,,,,,,,,GD,EX,GD,,,,,,,,,,,,,,,,,,,EX,GD,GD,,,,,,,,,
2024068,Ward,Hannah,12D,,,,,,,,,,,,,,,,GD,GD,GD,GD,EX,GD,,,,,,,,,,,,,,,,,,,EX,GD,EX,,,,,,,,,,,,,,,,,,,,,
2024069,Baker,Samuel,12D,,,,,,,,,,GD,GD,GD,,,,,,,,,,EX,GD,EX,,,,,,,,,,,,,,,,,,,,,,,,,,,,,,,,,,,,,GD,GD,GD
2024070,Shah,Samuel,12D,,,,GD,GD,GD,,,,GD,GD,GD,,,,,,,,,,GD,GD,GD,,,,,,,,,,,,,,,,,,,,,,,,,,,,,,,,,,,,,,,
2024071,Jackson,Freya,12D,,,,EX,EX,GD,,,,,,,,,,,,,,,,,,,,,,,,,,,,,,,,,,,,,,,,,,,,,,GD,EX,GD,,,,,,,GD,GD,GD
2024072,Brooks,Ivy,12D,GD,GD,GD,,,,,,,EX,EX,EX,,,,,,,,,,,,,,,,,,,EX,GD,GD,,,,,,,,,,,,,,,,,,,,,,,,,,,,,,
2024073,Young,Freya,12D,,,,,,,,,,,,,,,,,,,,,,,,,,,,,,,,,,GD,GD,GD,,,,,,,GD,GD,GD,,,,GD,GD,GD,,,,,,,,,,,,
2024074,Foster,Joel,12D,,,,,,,,,,,,,,,,EX,EX,EX,EX,EX,EX,,,,EX,EX,EX,,,,,,,,,,,,,,,,,,,,,,,,,,,,,,,,,,,,
2024075,Wood,Lily,12D,GD,GD,GD,,,,,,,EX,GD,GD,,,,,,,,,,GD,GD,GD,EX,GD,GD,,,,,,,,,,,,,,,,,,,,,,,,,,,,,,,,,,,,
2024076,Wood,Priya,12D,GD,EX,EX,,,,,,,EX,EX,GD,,,,,,,,,,,,,EX,GD,EX,,,,,,,,,,,,,,,,,,,,,,,,,,,,,,,,,,,,
2024077,Wright,Finn,12D,,,,,,,GD,GD,GD,EX,EX,EX,,,,,,,,,,,,,,,,,,,,,,,,,EX,EX,GD,,,,,,,,,,,,,,,,,,,,,,,,
2024078,Hughes,Jess,12D,,,,,,,,,,,,,,,,,,,,,,,,,GD,GD,GD,,,,,,,,,,,,,,,,,,,,,,,,,,,,GD,GD,GD,,,,EX,GD,GD
2024079,Davies,Luca,12D,,,,,,,,,,,,,,,,GD,GD,GD,,,,,,,EX,GD,GD,,,,,,,,,,,,,,,,,,,,,,,,,,,,GD,GD,GD,,,,,,
2024080,Wood,Ella,12L,BE,BE,BE,,,,,,,BE,GD,GD,,,,,,,,,,,,,,,,,,,,,,,,,GD,BE,BE,,,,,,,,,,,,,,,,,,,,,,,,
2024081,Hussain,Evie,12L,,,,,,,,,,GD,GD,GD,,,,,,,,,,,,,,,,,,,,,,,,,,,,,,,,,,,,,GD,GD,GD,,,,GD,GD,GD,,,,,,
2024082,Collins,Tilly,12L,,,,GD,GD,GD,,,,,,,,,,,,,,,,,,,,,,,,,,,,,,,,,,,,,,,,GD,GD,GD,,,,GD,GD,GD,,,,,,,,,
2024083,Young,Erin,12L,,,,,,,GD,GD,GD,GD,GD,GD,,,,,,,GD,GD,EX,,,,,,,,,,,,,,,,,,,,,,,,,GD,GD,GD,,,,,,,,,,,,,,,
2024084,Morgan,Zara,12L,,,,,,,,,,,,,,,,,,,,,,GD,GD,GD,,,,,,,,,,,,,,,,GD,GD,GD,,,,,,,,,,,,,,,,GD,GD,GD,,,
2024085,Singh,Oliver,12L,,,,,,,,,,,,,,,,,,,,,,,,,,,,,,,,,,GD,GD,GD,,,,GD,GD,GD,GD,GD,GD,,,,,,,,,,,,,,,,,,
2024086,Fisher,Grace,12L,,,,GD,BE,BE,,,,,,,,,,,,,GD,GD,GD,,,,,,,,,,,,,,,,,,,,,,GD,GD,GD,,,,,,,,,,,,,,,,,,
2024087,Ahmed,Erin,12L,,,,,,,,,,GD,GD,GD,,,,,,,,,,,,,,,,,,,GD,GD,GD,,,,,,,,,,,,,,,,,,,GD,GD,GD,,,,,,,,,
2024088,Scott,Holly,12L,,,,,,,,,,,,,,,,,,,,,,,,,,,,,,,,,,,,,,,,,,,EX,EX,GD,,,,EX,EX,EX,,,,GD,GD,GD,EX,EX,EX,,,
2024089,Scott,Sienna,12L,,,,,,,,,,,,,,,,,,,,,,,,,,,,,,,,,,,,,,,,,,,EX,EX,EX,EX,EX,GD,,,,,,,EX,EX,EX,,,,,,
2024090,Young,Hannah,12L,,,,GD,GD,GD,,,,GD,EX,GD,,,,,,,GD,GD,GD,,,,,,,,,,,,,,,,,,,,,,,,,,,,,,,EX,EX,EX,,,,,,,,,
2024091,Mason,Ella,12L,,,,,,,,,,GD,GD,GD,,,,,,,,,,,,,,,,,,,,,,,,,GD,GD,GD,,,,,,,,,,,,,GD,GD,GD,,,,,,,,,
2024092,Sandhu,Layla,12L,,,,,,,,,,,,,,,,EX,EX,EX,,,,,,,,,,,,,GD,EX,EX,EX,GD,GD,,,,,,,,,,,,,,,,,,,EX,EX,EX,,,,,,
2024093,Price,Ella,12L,,,,,,,,,,,,,,,,,,,,,,EX,GD,GD,,,,,,,GD,EX,EX,,,,,,,,,,GD,EX,GD,,,,,,,,,,,,,,,,,,
2024094,Sandhu,Ethan,12L,,,,,,,,,,EX,EX,EX,,,,,,,,,,,,,,,,,,,,,,,,,,,,,,,,,,EX,EX,EX,EX,GD,EX,,,,,,,,,,,,
2024095,Owen,Callum,12L,,,,,,,,,,,,,,,,,,,,,,,,,,,,GD,GD,GD,,,,,,,,,,,,,,,,,,,,,,GD,GD,GD,,,,GD,GD,GD,,,
2024096,Roberts,Ben,12L,,,,,,,,,,,,,,,,,,,,,,,,,,,,,,,EX,EX,EX,GD,EX,EX,EX,EX,EX,,,,,,,,,,,,,,,,,,,,,,,,
2024097,Taylor,Tom,12L,,,,,,,,,,,,,,,,,,,,,,,,,GD,GD,GD,,,,,,,,,,,,,GD,GD,GD,,,,,,,,,,GD,GD,GD,GD,GD,BE,,,,,,
2024098,Hall,Evie,12L,,,,,,,,,,,,,,,,,,,,,,,,,,,,,,,GD,GD,GD,,,,,,,,,,GD,GD,GD,,,,,,,,,,,,,,,,GD,GD,GD
2024099,Campbell,Joel,12L,GD,GD,GD,GD,GD,GD,,,,,,,,,,,,,,,,,,,,,,,,,,,,,,,,,,,,,GD,GD,GD,,,,,,,,,,,,,,,,,,
2024100,White,Ivy,12L,BE,GD,GD,,,,,,,,,,,,,,,,,,,GD,GD,GD,,,,,,,,,,,,,,,,GD,GD,GD,,,,,,,,,,,,,,,,,,,,,
2024101,Baker,Olivia,12L,,,,,,,,,,,,,,,,,,,,,,,,,,,,,,,GD,GD,GD,,,,,,,,,,GD,GD,GD,GD,GD,GD,,,,,,,,,,,,,,,
2024102,Baker,Amelia,12L,,,,,,,,,,,,,,,,,,,,,,EX,EX,GD,,,,,,,,,,,,,,,,,,,,,,,,,GD,EX,GD,,,,EX,GD,EX,,,,,,
2024103,Shah,Jess,12L,,,,,,,,,,,,,,,,,,,,,,,,,,,,,,,,,,,,,,,,,,,,,,,,,,,,GD,GD,GD,,,,GD,GD,GD,GD,GD,GD
2024104,Carter,Layla,12P,GD,BE,GD,,,,,,,GD,GD,GD,,,,,,,,,,,,,,,,,,,,,,,,,,,,,,,,,,,,,,,,GD,GD,GD,,,,,,,,,
2024105,James,Leo,12P,,,,EX,EX,GD,,,,,,,,,,,,,,,,,,,EX,EX,EX,,,,GD,GD,GD,,,,EX,EX,EX,,,,,,,,,,,,,,,,,,,,,,,,
2024106,Mason,Chloe,12P,,,,,,,GD,GD,GD,GD,GD,GD,,,,,,,,,,,,,,,,,,,,,,,,,,,,,,,,,,,,,,,,,,,GD,GD,GD,,,,,,
2024107,Cooper,Mia,12P,,,,,,,,,,,,,,,,,,,,,,,,,EX,GD,GD,,,,,,,GD,GD,GD,,,,,,,,,,,,,,,,,,,EX,GD,GD,,,,,,
2024108,Davies,Leo,12P,EX,GD,GD,,,,,,,EX,GD,GD,,,,,,,,,,,,,,,,,,,GD,GD,EX,,,,,,,,,,,,,,,,,,,,,,,,,,,,,,
2024109,White,Luca,12P,,,,EX,GD,GD,,,,,,,,,,EX,EX,EX,,,,EX,EX,EX,,,,,,,,,,,,,EX,EX,GD,,,,,,,,,,,,,,,,,,,,,,,,
2024110,Mitchell,Jack,12P,,,,,,,,,,GD,GD,EX,,,,,,,EX,GD,GD,,,,,,,,,,,,,,,,,,,,,,EX,EX,EX,,,,,,,,,,,,,,,,,,
2024111,Mensah,Isaac,12P,,,,,,,,,,GD,GD,GD,,,,,,,,,,,,,,,,GD,GD,GD,,,,,,,,,,,,,EX,GD,EX,,,,,,,,,,,,,,,,,,
2024112,Watson,Leah,12P,GD,BE,BE,,,,,,,BE,BE,GD,,,,,,,,,,,,,,,,,,,,,,,,,,,,,,,,,,,,,,,,,,,BE,BE,BE,,,,,,
2024113,Baker,Ben,12P,,,,,,,,,,,,,,,,GD,EX,GD,EX,EX,EX,,,,GD,GD,GD,,,,,,,,,,,,,,,,,,,,,,,,,,,,,,,,,,,,
2024114,Mitchell,Arjun,12P,GD,GD,GD,,,,,,,,,,,,,,,,,,,,,,,,,,,,GD,GD,GD,,,,GD,GD,GD,,,,,,,,,,,,,,,,,,,,,,,,
2024115,Reid,Freya,12P,,,,,,,,,,GD,GD,GD,,,,,,,,,,,,,,,,,,,,,,,,,,,,,,,,,,GD,GD,GD,,,,,,,,,,GD,GD,GD,,,
2024116,Ahmed,Evie,12P,,,,,,,,,,,,,,,,,,,,,,,,,GD,EX,GD,,,,EX,GD,GD,,,,GD,EX,GD,,,,,,,,,,,,,,,,,,,,,,,,
2024117,Mensah,Kian,12P,EX,GD,GD,,,,,,,,,,,,,,,,,,,,,,,,,GD,GD,BE,,,,,,,,,,,,,,,,,,,,,,,,,,,,GD,GD,GD,,,
2024118,Hussain,Joel,12P,,,,,,,,,,,,,,,,,,,,,,,,,GD,GD,GD,,,,,,,,,,EX,GD,GD,,,,GD,GD,GD,,,,,,,,,,,,,,,,,,
2024119,Edwards,Amelia,12P,,,,,,,,,,,,,,,,GD,GD,GD,,,,GD,GD,GD,GD,GD,GD,,,,,,,,,,,,,,,,,,,,,,,,,,,,,,,,,,,,
2024120,Shah,Isaac,12P,,,,,,,,,,EX,EX,EX,,,,EX,EX,EX,,,,,,,,,,,,,,,,,,,EX,EX,GD,,,,,,,,,,,,,,,,,,,,,,,,
2024121,Price,Tom,12P,,,,,,,,,,GD,GD,GD,,,,,,,,,,GD,GD,GD,,,,,,,,,,,,,,,,,,,,,,,,,,,,,,,GD,GD,GD,,,,,,
2024122,Roberts,Chloe,12P,,,,,,,,,,,,,,,,,,,,,,,,,,,,,,,,,,,,,EX,EX,GD,GD,GD,GD,,,,GD,GD,GD,,,,,,,GD,GD,GD,,,,,,
2024123,Lewis,Isaac,12P,,,,,,,,,,,,,,,,EX,EX,GD,,,,,,,,,,,,,,,,,,,EX,EX,EX,EX,EX,EX,,,,EX,EX,EX,,,,,,,,,,,,,,,
2024124,Foster,Priya,12P,,,,,,,,,,,,,,,,EX,GD,GD,EX,EX,GD,,,,EX,GD,GD,,,,,,,,,,,,,,,,,,,,,,,,,,,,,,,,,,,,
2024125,White,Mia,12P,,,,,,,,,,GD,EX,GD,,,,,,,GD,GD,GD,,,,,,,,,,,,,,,,,,,,,,,,,GD,GD,GD,,,,,,,,,,,,,,,
2024126,Marshall,Isaac,12P,GD,GD,GD,,,,,,,,,,,,,,,,,,,BE,BE,BE,,,,,,,,,,GD,GD,GD,BE,BE,BE,,,,,,,,,,,,,,,,,,,,,,,,
2024127,Marshall,Sienna,12P,,,,,,,,,,,,,,,,,,,,,,,,,,,,,,,,,,GD,GD,GD,GD,GD,GD,,,,,,,,,,,,,,,,GD,GD,GD,,,,,,
2024128,Lewis,Evie,12P,,,,,,,,,,,,,,,,,,,,,,GD,GD,EX,,,,,,,,,,,,,,,,EX,GD,GD,,,,,,,,,,GD,EX,GD,,,,,,,,,
2024129,King,Harry,12R,,,,,,,EX,EX,EX,,,,,,,,,,,,,,,,,,,,,,,,,,,,,,,,,,,,,,,,,,,EX,GD,EX,,,,,,,EX,EX,EX
2024130,Walker,Max,12R,GD,GD,EX,,,,,,,GD,GD,GD,,,,,,,,,,,,,,,,GD,GD,GD,,,,,,,,,,,,,,,,,,,GD,GD,GD,,,,,,,,,,,,
2024131,Hall,Sophia,12R,GD,GD,GD,,,,,,,,,,,,,,,,,,,,,,,,,,,,,,,,,,,,,,,,,,,GD,GD,GD,,,,,,,GD,GD,BE,,,,,,
2024132,Graham,Priya,12R,,,,,,,,,,,,,,,,,,,,,,EX,EX,EX,,,,EX,EX,EX,,,,,,,,,,,,,,,,GD,GD,EX,,,,,,,,,,,,,,,
2024133,Dhillon,Mia,12R,,,,,,,,,,,,,,,,,,,,,,,,,,,,,,,,,,,,,EX,EX,EX,EX,EX,EX,GD,GD,GD,,,,GD,GD,GD,,,,,,,,,,,,
2024134,Wood,Olivia,12R,,,,GD,GD,GD,,,,,,,,,,,,,,,,GD,GD,GD,,,,,,,GD,GD,GD,GD,GD,GD,,,,,,,,,,,,,,,,,,,,,,,,,,,
2024135,Shah,Grace,12R,,,,,,,,,,GD,GD,GD,,,,,,,,,,,,,,,,,,,,,,,,,,,,,,,,,,GD,GD,GD,,,,,,,GD,GD,GD,GD,GD,GD,,,
2024136,Collins,Ava,12R,,,,,,,,,,,,,,,,GD,GD,GD,,,,,,,,,,,,,,,,,,,,,,,,,,,,,,,,,,,,,EX,EX,GD,GD,EX,EX,,,
2024137,Harris,Maya,12R,,,,,,,GD,GD,GD,,,,,,,,,,,,,,,,GD,GD,GD,,,,,,,,,,GD,GD,GD,,,,,,,,,,,,,,,,,,,,,,,,
2024138,Mensah,Nadia,12R,,,,,,,,,,,,,,,,,,,,,,,,,EX,GD,EX,GD,EX,EX,,,,,,,,,,,,,EX,EX,GD,,,,,,,,,,,,,,,,,,
2024139,Kaur,Erin,12R,,,,GD,GD,GD,GD,GD,GD,,,,,,,,,,,,,GD,GD,GD,,,,,,,,,,,,,GD,GD,GD,,,,,,,,,,,,,,,,,,,,,,,,
2024140,Taylor,Megan,12R,,,,GD,GD,GD,,,,,,,,,,GD,GD,GD,,,,,,,,,,,,,,,,,,,,,,,,,,,,,,,GD,GD,EX,,,,,,,,,,EX,GD,GD
2024141,Khan,Hannah,12R,,,,EX,EX,GD,,,,,,,,,,,,,,,,,,,,,,,,,,,,EX,EX,EX,EX,EX,EX,,,,,,,,,,EX,EX,EX,,,,,,,,,,,,
2024142,Collins,Evie,12R,,,,,,,GD,GD,BE,,,,,,,,,,,,,,,,,,,,,,,,,,,,,,,,,,,,,GD,GD,GD,,,,,,,GD,GD,GD,,,,,,
2024143,Davies,Rohan,12R,,,,,,,,,,,,,,,,,,,EX,EX,EX,,,,,,,,,,,,,,,,EX,EX,EX,EX,EX,EX,,,,,,,,,,,,,,,,,,,,,
2024144,Murphy,Sophia,12R,,,,,,,,,,,,,,,,,,,,,,,,,,,,,,,,,,,,,GD,GD,GD,,,,GD,GD,GD,GD,GD,GD,,,,,,,,,,,,,,,
2024145,Brooks,Kian,12R,,,,,,,,,,,,,,,,EX,GD,GD,,,,,,,,,,,,,,,,EX,GD,GD,,,,,,,,,,,,,EX,GD,EX,,,,,,,,,,,,
2024146,Patel,Ben,12R,,,,,,,,,,,,,,,,,,,,,,,,,EX,EX,GD,,,,EX,EX,EX,,,,,,,,,,EX,GD,GD,,,,GD,GD,GD,,,,,,,,,,,,
2024147,King,Sophia,12R,GD,GD,GD,,,,,,,,,,,,,,,,,,,GD,GD,GD,GD,GD,GD,,,,,,,,,,,,,,,,,,,,,,GD,GD,GD,,,,,,,,,,,,
2024148,Khan,Isaac,12R,,,,,,,,,,EX,GD,GD,,,,EX,EX,EX,,,,,,,,,,,,,,,,,,,,,,GD,GD,GD,,,,,,,,,,,,,,,,,,,,,
2024149,Kelly,Jess,12R,,,,,,,EX,EX,EX,,,,,,,,,,,,,,,,,,,,,,,,,EX,EX,EX,,,,,,,EX,EX,EX,,,,,,,,,,,,,,,,,,
2024150,Jackson,Adam,12R,,,,EX,EX,GD,,,,EX,EX,GD,,,,,,,GD,GD,GD,,,,,,,,,,,,,,,,,,,,,,,,,,,,,,,,,,,,,,,,,,
2024151,Mensah,Ava,12R,,,,,,,EX,GD,GD,,,,,,,,,,,,,,,,,,,EX,EX,EX,,,,,,,,,,,,,,,,,,,,,,,,,EX,GD,GD,,,,,,
2024152,Cooper,Rohan,12R,,,,,,,GD,GD,GD,,,,,,,,,,,,,,,,GD,GD,GD,,,,,,,,,,GD,GD,GD,,,,,,,,,,,,,,,,,,,,,,,,
2024153,Kelly,Ruby,12R,,,,,,,,,,,,,,,,,,,,,,GD,GD,GD,,,,EX,GD,GD,,,,,,,,,,,,,,,,,,,,,,GD,GD,GD,,,,,,,,,
2024154,Lewis,Amelia,12W,,,,,,,,,,,,,,,,,,,,,,BE,BE,BE,,,,,,,,,,,,,,,,,,,,,,BE,BE,BE,,,,,,,GD,GD,BE,,,,,,
2024155,Brooks,Leo,12W,,,,,,,,,,,,,,,,EX,EX,EX,,,,,,,,,,,,,EX,EX,EX,,,,,,,,,,,,,,,,,,,,,,EX,EX,EX,,,,,,
2024156,Mason,Ethan,12W,,,,GD,GD,GD,,,,GD,GD,GD,,,,,,,GD,GD,GD,,,,,,,,,,,,,GD,GD,BE,,,,,,,,,,,,,,,,,,,,,,,,,,,
2024157,King,Isaac,12W,,,,GD,GD,GD,,,,,,,,,,GD,GD,GD,,,,,,,,,,,,,,,,GD,GD,GD,,,,,,,,,,,,,,,,,,,,,,,,,,,
2024158,Ward,Arjun,12W,,,,,,,,,,,,,,,,,,,,,,,,,,,,,,,,,,,,,GD,GD,GD,,,,,,,GD,GD,GD,GD,GD,GD,,,,,,,,,,,,
2024159,Foster,Jack,12W,,,,GD,GD,GD,,,,GD,GD,GD,GD,GD,GD,,,,,,,,,,GD,GD,GD,,,,,,,,,,,,,,,,,,,,,,,,,,,,,,,,,,,,
2024160,Dhillon,Ben,12W,,,,,,,EX,GD,GD,,,,,,,,,,,,,,,,,,,,,,,,,,,,,,,GD,GD,GD,GD,GD,GD,,,,,,,,,,,,,,,,,,
2024161,Bennett,Nadia,12W,,,,,,,,,,GD,GD,GD,,,,,,,,,,,,,,,,,,,,,,,,,,,,,,,,,,,,,,,,GD,BE,GD,GD,GD,BE,GD,GD,BE,,,
2024162,Campbell,Ben,12W,,,,,,,,,,EX,GD,GD,,,,,,,,,,,,,,,,,,,,,,,,,EX,GD,EX,,,,,,,,,,,,,GD,GD,GD,,,,,,,GD,GD,GD
2024163,Marshall,Erin,12W,,,,,,,,,,,,,,,,,,,GD,GD,GD,,,,,,,,,,,,,,,,,,,,,,,,,GD,GD,GD,,,,,,,GD,GD,GD,,,,,,
2024164,Singh,Noah,12W,,,,,,,,,,,,,,,,,,,,,,,,,,,,,,,,,,,,,,,,,,,EX,GD,EX,,,,EX,EX,EX,,,,EX,EX,EX,,,,,,
2024165,Owen,Layla,12W,,,,GD,GD,GD,,,,EX,GD,GD,,,,,,,,,,,,,,,,EX,GD,GD,,,,,,,,,,,,,,,,,,,,,,,,,,,,,,,,,
2024166,Wright,Mia,12W,,,,,,,EX,EX,EX,,,,,,,,,,,,,,,,,,,,,,EX,EX,EX,EX,EX,EX,,,,,,,,,,,,,,,,,,,,,,,,,,,
2024167,Davies,Evie,12W,,,,,,,EX,EX,EX,,,,,,,,,,,,,,,,,,,,,,,,,,,,,,,,,,,,,,,,EX,EX,GD,,,,,,,EX,EX,EX,,,
2024168,Phillips,Jess,12W,,,,,,,,,,,,,,,,,,,,,,,,,EX,EX,GD,,,,EX,GD,EX,,,,,,,,,,GD,EX,EX,,,,,,,,,,EX,EX,GD,,,,,,
2024169,Graham,Imogen,12W,,,,,,,,,,GD,GD,GD,,,,,,,,,,,,,,,,BE,GD,GD,,,,,,,,,,,,,,,,GD,GD,GD,,,,,,,,,,,,,,,
2024170,Graham,Samuel,12W,,,,,,,,,,GD,BE,BE,,,,GD,BE,BE,,,,,,,,,,,,,,,,,,,,,,,,,BE,GD,BE,,,,,,,,,,,,,,,,,,
2024171,Phillips,Zara,12W,,,,,,,,,,,,,,,,,,,,,,,,,,,,,,,,,,EX,EX,GD,GD,EX,EX,,,,,,,,,,,,,GD,GD,EX,,,,,,,,,
2024172,Walker,Evie,12W,,,,GD,GD,GD,,,,,,,,,,,,,GD,GD,GD,,,,,,,,,,,,,,,,,,,,,,,,,,,,,,,,,,,,,GD,GD,GD,,,
2024173,Marshall,Megan,12W,GD,GD,GD,,,,,,,,,,,,,,,,,,,,,,,,,EX,EX,EX,,,,,,,,,,,,,EX,GD,EX,,,,,,,,,,,,,,,,,,
2024174,Morgan,Luca,12W,,,,,,,,,,,,,,,,,,,EX,EX,EX,,,,,,,,,,,,,,,,,,,EX,GD,GD,,,,,,,,,,,,,EX,EX,EX,,,,,,
2024175,Green,Finn,12W,,,,,,,,,,GD,GD,GD,,,,,,,,,,,,,,,,,,,,,,,,,,,,GD,EX,GD,,,,,,,,,,,,,EX,GD,GD,,,,,,
2024176,Scott,Jack,12W,EX,GD,GD,,,,,,,,,,,,,,,,,,,,,,EX,EX,GD,,,,,,,,,,,,,EX,EX,GD,,,,GD,EX,GD,,,,,,,,,,,,,,,
