Name,Reg Group,% Attendance
"Phillips, Hannah",12A,88.5
"Marshall, Tom",12A,78.3
"Hughes, Aisha",12A,87.1
"Hughes, Oliver",12A,92.0
"Mensah, Jess",12A,97.2
"Adeyemi, Mo",12A,94.3
"Turner, Olivia",12A,99.2
"Green, Erin",12A,98.8
"Jackson, Layla",12A,88.9
"Graham, Jess",12A,87.0
"Clarke, Callum",12A,94.2
"Graham, Kian",12A,87.0
"Patel, Arjun",12A,95.4
"Sandhu, Holly",12A,80.5
"Davies, Oliver",12A,94.8
"Mensah, Rohan",12A,79.1
"Roberts, Hannah",12A,99.5
"Chen, Megan",12A,94.3
"Lewis, Lily",12A,100
"Green, Hannah",12A,100
"Ward, Zara",12A,86.1
"Young, Ava",12A,91.4
"Phillips, Lily",12A,96.9
"Patel, Samuel",12A,95.8
"Mason, Hannah",12A,93.3
"Edwards, Ethan",12A,81.3
"Hussain, Sienna",12C,94.9
"Nowak, Ella",12C,88.2
"Walker, Daniel",12C,100
"Davies, Lily",12C,99.2
"Green, Adam",12C,89.3
"Young, Evie",12C,93.7
"Mensah, Grace",12C,98.6
"Cooper, Lily",12C,97.8
"Graham, Nadia",12C,93.2
"Lewis, Daniel",12C,89.1
"Brooks, Sophia",12C,96.0
"Foster, Maya",12C,96.6
"Chen, Isaac",12C,99.3
"Turner, Jess",12C,89.2
"Evans, Joel",12C,93.9
"Price, Samuel",12C,93.5
"Walker, Amelia",12C,98.5
"Wright, Daniel",12C,100
"Nowak, Arjun",12C,90.0
"Harris, Luca",12C,93.2
"Kelly, Ella",12C,88.2
"Mitchell, Poppy",12C,96.9
"Carter, Maya",12C,92.1
"Carter, Rohan",12C,95.5
"Taylor, Sienna",12C,83.4
"Carter, Ella",12C,89.6
"Foster, Max",12D,98.3
"Turner, Sienna",12D,94.4
"Campbell, Freya",12D,99.6
"Mason, Ruby",12D,98.3
"King, Jack",12D,91.2
"Green, Daniel",12D,84.8
"Phillips, Aisha",12D,81.5
"Kaur, Poppy",12D,92.6
"Gill, Jess",12D,93.4
"Dhillon, Sophia",12D,97.8
"Owen, Isaac",12D,91.7
"Carter, Lily",12D,92.9
"Collins, Adam",12D,95.8
"James, Evie",12D,92.5
"Clarke, Ava",12D,99.2
"Ward, Hannah",12D,93.9
"Baker, Samuel",12D,97.5
"Shah, Samuel",12D,89.8
"Jackson, Freya",12D,93.4
"Brooks, Ivy",12D,95.6
"Young, Freya",12D,77.6
"Foster, Joel",12D,89.4
"Wood, Lily",12D,91.6
"Wood, Priya",12D,87.5
"Wright, Finn",12D,95.1
"Hughes, Jess",12D,100
"Davies, Luca",12D,96.4
"Wood, Ella",12L,90.6
"Hussain, Evie",12L,99.3
"Collins, Tilly",12L,98.8
"Young, Erin",12L,99.7
"Morgan, Zara",12L,93.8
"Singh, Oliver",12L,85.9
"Fisher, Grace",12L,96.5
"Ahmed, Erin",12L,88.9
"Scott, Holly",12L,84.0
"Scott, Sienna",12L,95.4
"Young, Hannah",12L,90.2
"Mason, Ella",12L,100
"Sandhu, Layla",12L,86.9
"Price, Ella",12L,96.6
"Sandhu, Ethan",12L,92.7
"Owen, Callum",12L,93.4
"Roberts, Ben",12L,100
"Taylor, Tom",12L,91.8
"Hall, Evie",12L,83.3
"Campbell, Joel",12L,98.4
"White, Ivy",12L,98.7
"Baker, Olivia",12L,91.2
"Baker, Amelia",12L,91.2
"Shah, Jess",12L,94.9
"Carter, Layla",12P,95.5
"James, Leo",12P,87.7
"Mason, Chloe",12P,100
"Cooper, Mia",12P,98.7
"Davies, Leo",12P,92.0
"White, Luca",12P,98.0
"Mitchell, Jack",12P,97.4
"Mensah, Isaac",12P,86.8
"Watson, Leah",12P,92.2
"Baker, Ben",12P,87.2
"Mitchell, Arjun",12P,96.0
"Reid, Freya",12P,95.3
"Ahmed, Evie",12P,89.9
"Mensah, Kian",12P,92.2
"Hussain, Joel",12P,97.2
"Edwards, Amelia",12P,86.6
"Shah, Isaac",12P,81.4
"Price, Tom",12P,91.3
"Roberts, Chloe",12P,91.5
"Lewis, Isaac",12P,80.6
"Foster, Priya",12P,88.4
"White, Mia",12P,91.1
"Marshall, Isaac",12P,94.8
"Marshall, Sienna",12P,80.3
"Lewis, Evie",12P,90.4
"King, Harry",12R,89.6
"Walker, Max",12R,94.7
"Hall, Sophia",12R,100
"Graham, Priya",12R,96.2
"Dhillon, Mia",12R,91.6
"Wood, Olivia",12R,93.8
"Shah, Grace",12R,94.2
"Collins, Ava",12R,92.5
"Harris, Maya",12R,92.6
"Mensah, Nadia",12R,86.1
"Kaur, Erin",12R,97.3
"Taylor, Megan",12R,97.1
"Khan, Hannah",12R,95.1
"Collins, Evie",12R,95.9
"Davies, Rohan",12R,95.8
"Murphy, Sophia",12R,85.5
"Brooks, Kian",12R,94.8
"Patel, Ben",12R,99.8
"King, Sophia",12R,94.3
"Khan, Isaac",12R,91.5
"Kelly, Jess",12R,97.8
"Jackson, Adam",12R,92.3
"Mensah, Ava",12R,99.7
"Cooper, Rohan",12R,93.6
"Kelly, Ruby",12R,91.0
"Lewis, Amelia",12W,94.2
"Brooks, Leo",12W,95.5
"Mason, Ethan",12W,77.2
"King, Isaac",12W,89.4
"Ward, Arjun",12W,94.8
"Foster, Jack",12W,81.2
"Dhillon, Ben",12W,92.2
"Bennett, Nadia",12W,93.1
"Campbell, Ben",12W,98.8
"Marshall, Erin",12W,90.7
"Singh, Noah",12W,88.8
"Owen, Layla",12W,96.4
"Wright, Mia",12W,92.2
"Davies, Evie",12W,96.7
"Phillips, Jess",12W,86.5
"Graham, Imogen",12W,95.2
"Graham, Samuel",12W,86.9
"Phillips, Zara",12W,81.0
"Walker, Evie",12W,87.2
"Marshall, Megan",12W,94.0
"Morgan, Luca",12W,92.3
"Green, Finn",12W,95.1
"Scott, Jack",12W,99.4
